日付,コード,PDFファイル名,価格交渉,増産,価格改定,価格転嫁,値上,想定以上,上方修正,下方修正,想定以下,未達,大幅,計画を上,計画を下,計画以,需要回復,需要の回復,需要が増,需要が低,悪化,グローバルニッチトップ,トップシェア,シェア拡大,レアアース,検索キーワード一覧
20260526,6203,6203_1700_豊和工_決算説明会資料.pdf,,15,,13,15,,,,,,2 5 6 15 17 26,,,,,,,13,2 5 6,,,13 15 17,,価格交渉 / 増産 / 価格改定 / 価格転嫁 / 値上 / 想定以上 / 上方修正 / 下方修正 / 想定以下 / 未達 / 大幅 / 計画を上 / 計画を下 / 計画以 / 需要回復 / 需要の回復 / 需要が増 / 需要が低 / 悪化 / グローバルニッチトップ / トップシェア / シェア拡大 / レアアース
20260526,6140,6140_1100_旭ダイヤ_中期経営計画2030説明会資料.pdf,,9,16,,16,,,,,7 9,,,,,,,,,,1 4 5 11 14,,15,,価格交渉 / 増産 / 価格改定 / 価格転嫁 / 値上 / 想定以上 / 上方修正 / 下方修正 / 想定以下 / 未達 / 大幅 / 計画を上 / 計画を下 / 計画以 / 需要回復 / 需要の回復 / 需要が増 / 需要が低 / 悪化 / グローバルニッチトップ / トップシェア / シェア拡大 / レアアース
20260526,4275,4275_1100_カーリット_2026年3月期決算説明会(QA追記版)の公開および動画配信のお知らせ.pdf,,18 22,13,35,,,,,,,21 31,,,,,13 27,,,,,,,,価格交渉 / 増産 / 価格改定 / 価格転嫁 / 値上 / 想定以上 / 上方修正 / 下方修正 / 想定以下 / 未達 / 大幅 / 計画を上 / 計画を下 / 計画以 / 需要回復 / 需要の回復 / 需要が増 / 需要が低 / 悪化 / グローバルニッチトップ / トップシェア / シェア拡大 / レアアース
20260526,5976,5976_1400_ネツレン_2025年度 決算説明会資料.pdf,,19,,24,,,,,,,,,29,,,25,,,29,,,,,価格交渉 / 増産 / 価格改定 / 価格転嫁 / 値上 / 想定以上 / 上方修正 / 下方修正 / 想定以下 / 未達 / 大幅 / 計画を上 / 計画を下 / 計画以 / 需要回復 / 需要の回復 / 需要が増 / 需要が低 / 悪化 / グローバルニッチトップ / トップシェア / シェア拡大 / レアアース
20260526,2590,2590_1530_DyDo_2026年度(2027年1月期)第1四半期決算概要.pdf,,,3 13 15 19 30,,,,,,,,9 10 17 19 34,29,,,,,,,29,,,,,価格交渉 / 増産 / 価格改定 / 価格転嫁 / 値上 / 想定以上 / 上方修正 / 下方修正 / 想定以下 / 未達 / 大幅 / 計画を上 / 計画を下 / 計画以 / 需要回復 / 需要の回復 / 需要が増 / 需要が低 / 悪化 / グローバルニッチトップ / トップシェア / シェア拡大 / レアアース
20260526,3021,3021_1530_PCNET_2026年5月期 第3四半期決算 質疑応答集.pdf,,,,4,,3,2,,,,,,,,,,,,3 6,,,,,価格交渉 / 増産 / 価格改定 / 価格転嫁 / 値上 / 想定以上 / 上方修正 / 下方修正 / 想定以下 / 未達 / 大幅 / 計画を上 / 計画を下 / 計画以 / 需要回復 / 需要の回復 / 需要が増 / 需要が低 / 悪化 / グローバルニッチトップ / トップシェア / シェア拡大 / レアアース
20260526,4735,4735_1200_京進_株式会社京進 2026年2月期 決算に関するQ&A Vol.2.pdf,,,1,1,1,,,,,,2,,,,,,,,,,,,,価格交渉 / 増産 / 価格改定 / 価格転嫁 / 値上 / 想定以上 / 上方修正 / 下方修正 / 想定以下 / 未達 / 大幅 / 計画を上 / 計画を下 / 計画以 / 需要回復 / 需要の回復 / 需要が増 / 需要が低 / 悪化 / グローバルニッチトップ / トップシェア / シェア拡大 / レアアース
20260526,7456,7456_1600_松田産_2026年3月期 決算説明資料.pdf,,,,31,,,,,,14,6 14,,,,,,,,,,,20,,価格交渉 / 増産 / 価格改定 / 価格転嫁 / 値上 / 想定以上 / 上方修正 / 下方修正 / 想定以下 / 未達 / 大幅 / 計画を上 / 計画を下 / 計画以 / 需要回復 / 需要の回復 / 需要が増 / 需要が低 / 悪化 / グローバルニッチトップ / トップシェア / シェア拡大 / レアアース
20260526,2590,2590_1530_DyDo_2027年1月期 第1四半期決算短信〔日本基準〕(連結).pdf,,,4 5 6,,,,,,,,7,,,,,,,,,,8,,,価格交渉 / 増産 / 価格改定 / 価格転嫁 / 値上 / 想定以上 / 上方修正 / 下方修正 / 想定以下 / 未達 / 大幅 / 計画を上 / 計画を下 / 計画以 / 需要回復 / 需要の回復 / 需要が増 / 需要が低 / 悪化 / グローバルニッチトップ / トップシェア / シェア拡大 / レアアース
20260526,6584,6584_1530_三桜工_資本コストや株価を意識した経営の実現に向けた対応について.pdf,,,,7,,,,,,15,,,,,,,,,,,,10,,価格交渉 / 増産 / 価格改定 / 価格転嫁 / 値上 / 想定以上 / 上方修正 / 下方修正 / 想定以下 / 未達 / 大幅 / 計画を上 / 計画を下 / 計画以 / 需要回復 / 需要の回復 / 需要が増 / 需要が低 / 悪化 / グローバルニッチトップ / トップシェア / シェア拡大 / レアアース
20260526,7590,7590_1530_タカショー_2027年1月期第1四半期決算短信〔日本基準〕(連結).pdf,,,,,,,,,,,4 5,,5,,,5,,,,,,,,価格交渉 / 増産 / 価格改定 / 価格転嫁 / 値上 / 想定以上 / 上方修正 / 下方修正 / 想定以下 / 未達 / 大幅 / 計画を上 / 計画を下 / 計画以 / 需要回復 / 需要の回復 / 需要が増 / 需要が低 / 悪化 / グローバルニッチトップ / トップシェア / シェア拡大 / レアアース
20260526,9444,9444_1750_トーシンHD_改善計画・状況報告書の公表に関するお知らせ.pdf,,,,,,,,,,20,7 35 37,,,,,,,,18 20,,,,,価格交渉 / 増産 / 価格改定 / 価格転嫁 / 値上 / 想定以上 / 上方修正 / 下方修正 / 想定以下 / 未達 / 大幅 / 計画を上 / 計画を下 / 計画以 / 需要回復 / 需要の回復 / 需要が増 / 需要が低 / 悪化 / グローバルニッチトップ / トップシェア / シェア拡大 / レアアース
20260526,3103,3103_1600_ユニチカ_2026年3月期 決算説明資料.pdf,,,3 4 9 11 18,,,,,,,,3 10 16,,,,,,,,,,,,,価格交渉 / 増産 / 価格改定 / 価格転嫁 / 値上 / 想定以上 / 上方修正 / 下方修正 / 想定以下 / 未達 / 大幅 / 計画を上 / 計画を下 / 計画以 / 需要回復 / 需要の回復 / 需要が増 / 需要が低 / 悪化 / グローバルニッチトップ / トップシェア / シェア拡大 / レアアース
20260526,4444,4444_1500_G-インフォネット_2026年3月期通期決算に関する質疑応答集.pdf,,,,,,,,,,1,,,1,,,,,,,,,,,価格交渉 / 増産 / 価格改定 / 価格転嫁 / 値上 / 想定以上 / 上方修正 / 下方修正 / 想定以下 / 未達 / 大幅 / 計画を上 / 計画を下 / 計画以 / 需要回復 / 需要の回復 / 需要が増 / 需要が低 / 悪化 / グローバルニッチトップ / トップシェア / シェア拡大 / レアアース
20260526,6926,6926_1000_OKAYA_(訂正・数値データ訂正)「2026年3月期決算短信〔日本基準〕(連結)」の一部訂正について.pdf,,,5,,,,,,,,,,,,,,,,5,,,,,価格交渉 / 増産 / 価格改定 / 価格転嫁 / 値上 / 想定以上 / 上方修正 / 下方修正 / 想定以下 / 未達 / 大幅 / 計画を上 / 計画を下 / 計画以 / 需要回復 / 需要の回復 / 需要が増 / 需要が低 / 悪化 / グローバルニッチトップ / トップシェア / シェア拡大 / レアアース
20260526,7192,7192_1755_日本モーゲージS_(訂正版)2026年3月期 決算説明資料.pdf,,,,14,14,,,,,,,,,,,,,,,,,,,価格交渉 / 増産 / 価格改定 / 価格転嫁 / 値上 / 想定以上 / 上方修正 / 下方修正 / 想定以下 / 未達 / 大幅 / 計画を上 / 計画を下 / 計画以 / 需要回復 / 需要の回復 / 需要が増 / 需要が低 / 悪化 / グローバルニッチトップ / トップシェア / シェア拡大 / レアアース
20260526,7715,7715_1530_長野計器_新中期経営計画2028策定に関するお知らせ.pdf,,,,,,,,,,,,,,,,,25,,,,,24,,価格交渉 / 増産 / 価格改定 / 価格転嫁 / 値上 / 想定以上 / 上方修正 / 下方修正 / 想定以下 / 未達 / 大幅 / 計画を上 / 計画を下 / 計画以 / 需要回復 / 需要の回復 / 需要が増 / 需要が低 / 悪化 / グローバルニッチトップ / トップシェア / シェア拡大 / レアアース
20260526,9816,9816_1540_ストライダーズ_2026年3月期 通期決算説明資料.pdf,,,,,,,,,,,8 9 45,,,,11,,,,,,,,,価格交渉 / 増産 / 価格改定 / 価格転嫁 / 値上 / 想定以上 / 上方修正 / 下方修正 / 想定以下 / 未達 / 大幅 / 計画を上 / 計画を下 / 計画以 / 需要回復 / 需要の回復 / 需要が増 / 需要が低 / 悪化 / グローバルニッチトップ / トップシェア / シェア拡大 / レアアース
20260526,2148,2148_1715_ITM_2026年3月期 決算説明会資料.pdf,,,,,,,,,,,,,,,,,,,,,,33,,価格交渉 / 増産 / 価格改定 / 価格転嫁 / 値上 / 想定以上 / 上方修正 / 下方修正 / 想定以下 / 未達 / 大幅 / 計画を上 / 計画を下 / 計画以 / 需要回復 / 需要の回復 / 需要が増 / 需要が低 / 悪化 / グローバルニッチトップ / トップシェア / シェア拡大 / レアアース
20260526,2433,2433_1530_博報堂DY_2026年3月期 通期 決算説明会 質疑応答要旨.pdf,,,,,,,,,,2,,,,,,,,,,,,,,価格交渉 / 増産 / 価格改定 / 価格転嫁 / 値上 / 想定以上 / 上方修正 / 下方修正 / 想定以下 / 未達 / 大幅 / 計画を上 / 計画を下 / 計画以 / 需要回復 / 需要の回復 / 需要が増 / 需要が低 / 悪化 / グローバルニッチトップ / トップシェア / シェア拡大 / レアアース
20260526,2433,2433_1530_博報堂DY_2026年3月期 通期 決算説明会資料(中期経営計画の進捗状況)_解説つき_.pdf,,,,,,,,,,,8 10,,,,,,,,,,,,,価格交渉 / 増産 / 価格改定 / 価格転嫁 / 値上 / 想定以上 / 上方修正 / 下方修正 / 想定以下 / 未達 / 大幅 / 計画を上 / 計画を下 / 計画以 / 需要回復 / 需要の回復 / 需要が増 / 需要が低 / 悪化 / グローバルニッチトップ / トップシェア / シェア拡大 / レアアース
20260526,2936,2936_1530_G-ベースフード_事業計画及び成長可能性に関する事項について.pdf,,,,,15,,,,,,,,,,,,,,,,,,,価格交渉 / 増産 / 価格改定 / 価格転嫁 / 値上 / 想定以上 / 上方修正 / 下方修正 / 想定以下 / 未達 / 大幅 / 計画を上 / 計画を下 / 計画以 / 需要回復 / 需要の回復 / 需要が増 / 需要が低 / 悪化 / グローバルニッチトップ / トップシェア / シェア拡大 / レアアース
20260526,3279,3279_1630_R-API_国内不動産信託受益権の取得及び貸借に関するお知らせ (ネストホテル那覇久茂地).pdf,,,,,,,,,,,,,,,,2,,,,,,,,価格交渉 / 増産 / 価格改定 / 価格転嫁 / 値上 / 想定以上 / 上方修正 / 下方修正 / 想定以下 / 未達 / 大幅 / 計画を上 / 計画を下 / 計画以 / 需要回復 / 需要の回復 / 需要が増 / 需要が低 / 悪化 / グローバルニッチトップ / トップシェア / シェア拡大 / レアアース
20260526,3697,3697_1530_SHIFT_(開示事項の中止及び変更)子会社設立の中止及び当社子会社の吸収合併スキーム変更に関するお知らせ.pdf,,,,,,,,,,,5,,,,,,,,,,,,,価格交渉 / 増産 / 価格改定 / 価格転嫁 / 値上 / 想定以上 / 上方修正 / 下方修正 / 想定以下 / 未達 / 大幅 / 計画を上 / 計画を下 / 計画以 / 需要回復 / 需要の回復 / 需要が増 / 需要が低 / 悪化 / グローバルニッチトップ / トップシェア / シェア拡大 / レアアース
20260526,3697,3697_1530_SHIFT_当社連結子会社間(承継会社_ALH株式会社)の吸収合併に関するお知らせ.pdf,,,,,,,,,,,3,,,,,,,,,,,,,価格交渉 / 増産 / 価格改定 / 価格転嫁 / 値上 / 想定以上 / 上方修正 / 下方修正 / 想定以下 / 未達 / 大幅 / 計画を上 / 計画を下 / 計画以 / 需要回復 / 需要の回復 / 需要が増 / 需要が低 / 悪化 / グローバルニッチトップ / トップシェア / シェア拡大 / レアアース
20260526,3823,3823_1630_WHY HOW DO_中期経営方針及び経営目標の公表に関するお知らせ.pdf,,,,,,,,,,10,,,,,,,,,,,,,,価格交渉 / 増産 / 価格改定 / 価格転嫁 / 値上 / 想定以上 / 上方修正 / 下方修正 / 想定以下 / 未達 / 大幅 / 計画を上 / 計画を下 / 計画以 / 需要回復 / 需要の回復 / 需要が増 / 需要が低 / 悪化 / グローバルニッチトップ / トップシェア / シェア拡大 / レアアース
20260526,3880,3880_1530_大王紙_株主提案に対する当社取締役会の意見に関するお知らせ.pdf,,,,,,,,,,,3,,,,,,,,,,,,,価格交渉 / 増産 / 価格改定 / 価格転嫁 / 値上 / 想定以上 / 上方修正 / 下方修正 / 想定以下 / 未達 / 大幅 / 計画を上 / 計画を下 / 計画以 / 需要回復 / 需要の回復 / 需要が増 / 需要が低 / 悪化 / グローバルニッチトップ / トップシェア / シェア拡大 / レアアース
20260526,4011,4011_1600_G-ヘッドウォーター_2026年12月期第1四半期決算短信補足資料(修正版).pdf,,,,,,,,,,,8 17,,,,,,,,,,,,,価格交渉 / 増産 / 価格改定 / 価格転嫁 / 値上 / 想定以上 / 上方修正 / 下方修正 / 想定以下 / 未達 / 大幅 / 計画を上 / 計画を下 / 計画以 / 需要回復 / 需要の回復 / 需要が増 / 需要が低 / 悪化 / グローバルニッチトップ / トップシェア / シェア拡大 / レアアース
20260526,4888,4888_1300_G-ステラファーマ_2026年3月期 決算説明会資料.pdf,,,,,,,,,,,11 14,,,,,,,,,,,,,価格交渉 / 増産 / 価格改定 / 価格転嫁 / 値上 / 想定以上 / 上方修正 / 下方修正 / 想定以下 / 未達 / 大幅 / 計画を上 / 計画を下 / 計画以 / 需要回復 / 需要の回復 / 需要が増 / 需要が低 / 悪化 / グローバルニッチトップ / トップシェア / シェア拡大 / レアアース
20260526,6140,6140_1100_旭ダイヤ_2026年3月期決算説明会資料.pdf,,,,,,,,,,,3 14,,,,,,,,,,,,,価格交渉 / 増産 / 価格改定 / 価格転嫁 / 値上 / 想定以上 / 上方修正 / 下方修正 / 想定以下 / 未達 / 大幅 / 計画を上 / 計画を下 / 計画以 / 需要回復 / 需要の回復 / 需要が増 / 需要が低 / 悪化 / グローバルニッチトップ / トップシェア / シェア拡大 / レアアース
20260526,6469,6469_1600_放電精密_支配株主等に関する事項について.pdf,,1,,,,,,,,,,,,,,,,,,,,,,価格交渉 / 増産 / 価格改定 / 価格転嫁 / 値上 / 想定以上 / 上方修正 / 下方修正 / 想定以下 / 未達 / 大幅 / 計画を上 / 計画を下 / 計画以 / 需要回復 / 需要の回復 / 需要が増 / 需要が低 / 悪化 / グローバルニッチトップ / トップシェア / シェア拡大 / レアアース
20260526,6678,6678_1530_テクノメディカ_2026年3月期 決算説明会資料.pdf,,,,23,,,,,,,,,,,,,,,,,,,,価格交渉 / 増産 / 価格改定 / 価格転嫁 / 値上 / 想定以上 / 上方修正 / 下方修正 / 想定以下 / 未達 / 大幅 / 計画を上 / 計画を下 / 計画以 / 需要回復 / 需要の回復 / 需要が増 / 需要が低 / 悪化 / グローバルニッチトップ / トップシェア / シェア拡大 / レアアース
20260526,7192,7192_1755_日本モーゲージS_(訂正・数値データ訂正)「2026年3月期 決算短信〔日本基準〕(連結)」の一部訂正について.pdf,,,,,,,,,,,,,,,,,,,5 6,,,,,価格交渉 / 増産 / 価格改定 / 価格転嫁 / 値上 / 想定以上 / 上方修正 / 下方修正 / 想定以下 / 未達 / 大幅 / 計画を上 / 計画を下 / 計画以 / 需要回復 / 需要の回復 / 需要が増 / 需要が低 / 悪化 / グローバルニッチトップ / トップシェア / シェア拡大 / レアアース
20260526,7235,7235_1600_東ラヂエタ_株主提案に関する書面の受領および当社の対応に関するお知らせ.pdf,,,,,,,,,,,,,,,,,,,3,,,,,価格交渉 / 増産 / 価格改定 / 価格転嫁 / 値上 / 想定以上 / 上方修正 / 下方修正 / 想定以下 / 未達 / 大幅 / 計画を上 / 計画を下 / 計画以 / 需要回復 / 需要の回復 / 需要が増 / 需要が低 / 悪化 / グローバルニッチトップ / トップシェア / シェア拡大 / レアアース
20260526,7743,7743_1400_シード_2026年3月期 決算説明会資料.pdf,,,,,,,,,,,22 33,,,,,,,,,,,,,価格交渉 / 増産 / 価格改定 / 価格転嫁 / 値上 / 想定以上 / 上方修正 / 下方修正 / 想定以下 / 未達 / 大幅 / 計画を上 / 計画を下 / 計画以 / 需要回復 / 需要の回復 / 需要が増 / 需要が低 / 悪化 / グローバルニッチトップ / トップシェア / シェア拡大 / レアアース
20260526,7762,7762_1600_シチズン時計_株主提案に対する当社取締役会意見に関するお知らせ.pdf,,,,,,,,,,,7,,,,,,,,,,,,,価格交渉 / 増産 / 価格改定 / 価格転嫁 / 値上 / 想定以上 / 上方修正 / 下方修正 / 想定以下 / 未達 / 大幅 / 計画を上 / 計画を下 / 計画以 / 需要回復 / 需要の回復 / 需要が増 / 需要が低 / 悪化 / グローバルニッチトップ / トップシェア / シェア拡大 / レアアース
20260526,8746,8746_1800_unbanked_基準日後株主への議決権付与に関するお知らせ.pdf,,,,,,,,,,,1,,,,,,,,,,,,,価格交渉 / 増産 / 価格改定 / 価格転嫁 / 値上 / 想定以上 / 上方修正 / 下方修正 / 想定以下 / 未達 / 大幅 / 計画を上 / 計画を下 / 計画以 / 需要回復 / 需要の回復 / 需要が増 / 需要が低 / 悪化 / グローバルニッチトップ / トップシェア / シェア拡大 / レアアース
20260526,8783,8783_1600_abc_持分法適用関連会社の異動(株式譲渡)に関するお知らせ.pdf,,,,,,,,,,,,,1,,,,,,,,,,,価格交渉 / 増産 / 価格改定 / 価格転嫁 / 値上 / 想定以上 / 上方修正 / 下方修正 / 想定以下 / 未達 / 大幅 / 計画を上 / 計画を下 / 計画以 / 需要回復 / 需要の回復 / 需要が増 / 需要が低 / 悪化 / グローバルニッチトップ / トップシェア / シェア拡大 / レアアース
20260526,9936,9936_1500_王将フード_2026年3月期 決算説明会.pdf,,,,,,,,,,,11,,,,,,,,,,,,,価格交渉 / 増産 / 価格改定 / 価格転嫁 / 値上 / 想定以上 / 上方修正 / 下方修正 / 想定以下 / 未達 / 大幅 / 計画を上 / 計画を下 / 計画以 / 需要回復 / 需要の回復 / 需要が増 / 需要が低 / 悪化 / グローバルニッチトップ / トップシェア / シェア拡大 / レアアース
