日付,コード,会社名,分類,表題（リンク_TDnet）,表題（リンク_ローカル）,価格交渉,増産,価格改定,価格転嫁,値上,想定以上,上方修正,下方修正,想定以下,未達,大幅,計画を上,計画を下,計画以,需要回復,需要の回復,需要が増,需要が低,悪化,グローバルニッチトップ,トップシェア,シェア拡大,レアアース,URL（生）
20260318,7080,G-スポーツフィール,事業計画,"=HYPERLINK(""https://www.release.tdnet.info/inbs/140120260317583647.pdf"", ""事業計画及び成長可能性に関する事項 中期経営計画 2025年~2027年(上方修正)"")","=HYPERLINK(""pdf_tmp/20260318/7080_1700_G-スポーツフィール_事業計画及び成長可能性に関する事項 中期経営計画 2025年~2027年(上方修正).pdf"", ""事業計画及び成長可能性に関する事項 中期経営計画 2025年~2027年(上方修正)"")",,,,,,,1 22 24,,,,21,,,,,,,,42,,,,,https://www.release.tdnet.info/inbs/140120260317583647.pdf
20260318,6306,日工,その他,"=HYPERLINK(""https://www.release.tdnet.info/inbs/140120260318584553.pdf"", ""2026年3月期第3四半期決算説明会スクリプト_質疑応答スクリプト"")","=HYPERLINK(""pdf_tmp/20260318/6306_1530_日工_2026年3月期第3四半期決算説明会スクリプト_質疑応答スクリプト.pdf"", ""2026年3月期第3四半期決算説明会スクリプト_質疑応答スクリプト"")",28,,,,,,,,,,,,,,,,,,27,,,,,https://www.release.tdnet.info/inbs/140120260318584553.pdf
20260318,7080,G-スポーツフィール,その他,"=HYPERLINK(""https://www.release.tdnet.info/inbs/140120260317583652.pdf"", ""中期経営計画の上方修正に関するお知らせ"")","=HYPERLINK(""pdf_tmp/20260318/7080_1700_G-スポーツフィール_中期経営計画の上方修正に関するお知らせ.pdf"", ""中期経営計画の上方修正に関するお知らせ"")",,,,,,,1,,,,,,1,,,,,,,,,,,https://www.release.tdnet.info/inbs/140120260317583652.pdf
20260318,1429,日本アクア,資本コストや株価,"=HYPERLINK(""https://www.release.tdnet.info/inbs/140120260318584372.pdf"", ""資本コストや株価を意識した経営の実現に向けた対応の更新について"")","=HYPERLINK(""pdf_tmp/20260318/1429_1530_日本アクア_資本コストや株価を意識した経営の実現に向けた対応の更新について.pdf"", ""資本コストや株価を意識した経営の実現に向けた対応の更新について"")",,,,,,,,,,,,,,,,,,,,,,9 13,,https://www.release.tdnet.info/inbs/140120260318584372.pdf
20260318,2183,リニカル,予想の修正,"=HYPERLINK(""https://www.release.tdnet.info/inbs/140120260318584643.pdf"", ""業績予想及び配当予想の修正並びに取締役等の報酬の減額に関するお知らせ"")","=HYPERLINK(""pdf_tmp/20260318/2183_1700_リニカル_業績予想及び配当予想の修正並びに取締役等の報酬の減額に関するお知らせ.pdf"", ""業績予想及び配当予想の修正並びに取締役等の報酬の減額に関するお知らせ"")",,,,,,,,2,,,,,,,,,,,,,,,,https://www.release.tdnet.info/inbs/140120260318584643.pdf
20260318,3238,セントラル総,予想の修正,"=HYPERLINK(""https://www.release.tdnet.info/inbs/140120260317583305.pdf"", ""2026年3月期 通期連結業績予想および配当予想の修正に関するお知らせ"")","=HYPERLINK(""pdf_tmp/20260318/3238_1530_セントラル総_2026年3月期 通期連結業績予想および配当予想の修正に関するお知らせ.pdf"", ""2026年3月期 通期連結業績予想および配当予想の修正に関するお知らせ"")",,,,,,,,1,,,,,,,,,,,,,,,,https://www.release.tdnet.info/inbs/140120260317583305.pdf
20260318,3267,フィル・カンパニー,その他,"=HYPERLINK(""https://www.release.tdnet.info/inbs/140120260318584234.pdf"", ""役員向けおよび従業員向け株式給付信託の終了ならびに自己株式の消却方針に関するお知らせ"")","=HYPERLINK(""pdf_tmp/20260318/3267_1530_フィル・カンパニー_役員向けおよび従業員向け株式給付信託の終了ならびに自己株式の消却方針に関するお知らせ.pdf"", ""役員向けおよび従業員向け株式給付信託の終了ならびに自己株式の消却方針に関するお知らせ"")",,,,,,,,,,,,,,,,,,,2,,,,,https://www.release.tdnet.info/inbs/140120260318584234.pdf
20260318,3468,R-スターアジア,決算短信,"=HYPERLINK(""https://www.release.tdnet.info/inbs/140120260318584196.pdf"", ""2026年1月期 決算短信(REIT)"")","=HYPERLINK(""pdf_tmp/20260318/3468_1530_R-スターアジア_2026年1月期 決算短信(REIT).pdf"", ""2026年1月期 決算短信(REIT)"")",,,,,,,,,,,4 7,,,,,,,,,,,,,https://www.release.tdnet.info/inbs/140120260318584196.pdf
20260318,3634,ソケッツ,その他,"=HYPERLINK(""https://www.release.tdnet.info/inbs/140120260317583152.pdf"", ""上場維持基準の適合に向けた計画の進捗状況について KDDI株式会社による株式売却の実施"")","=HYPERLINK(""pdf_tmp/20260318/3634_1530_ソケッツ_上場維持基準の適合に向けた計画の進捗状況について KDDI株式会社による株式売却の実施.pdf"", ""上場維持基準の適合に向けた計画の進捗状況について KDDI株式会社による株式売却の実施"")",,,,,,,1,,,,,,,,,,,,,,,,,https://www.release.tdnet.info/inbs/140120260317583152.pdf
20260318,3848,データアプリ,その他,"=HYPERLINK(""https://www.release.tdnet.info/inbs/140120260318584189.pdf"", ""2026年3月期第3四半期決算 質疑応答集"")","=HYPERLINK(""pdf_tmp/20260318/3848_1100_データアプリ_2026年3月期第3四半期決算 質疑応答集.pdf"", ""2026年3月期第3四半期決算 質疑応答集"")",,,,,,,,,,,1,,,,,,,,,,,,,https://www.release.tdnet.info/inbs/140120260318584189.pdf
20260318,3865,北越コーポレーション,その他,"=HYPERLINK(""https://www.release.tdnet.info/inbs/140120260317583817.pdf"", ""(開示事項の経過)大王製紙株式会社と北越コーポレーション株式会社の戦略的業務提携の深化に関するお知らせ"")","=HYPERLINK(""pdf_tmp/20260318/3865_1630_北越コーポレーション_(開示事項の経過)大王製紙株式会社と北越コーポレーション株式会社の戦略的業務提携の深化に関するお知らせ.pdf"", ""(開示事項の経過)大王製紙株式会社と北越コーポレーション株式会社の戦略的業務提携の深化に関するお知らせ"")",,,,,,,,,,,1,,,,,,,,,,,,,https://www.release.tdnet.info/inbs/140120260317583817.pdf
20260318,3880,大王紙,その他,"=HYPERLINK(""https://www.release.tdnet.info/inbs/140120260318584222.pdf"", ""(開示事項の経過)大王製紙株式会社と北越コーポレーション株式会社の戦略的業務提携の深化に関するお知らせ"")","=HYPERLINK(""pdf_tmp/20260318/3880_1630_大王紙_(開示事項の経過)大王製紙株式会社と北越コーポレーション株式会社の戦略的業務提携の深化に関するお知らせ.pdf"", ""(開示事項の経過)大王製紙株式会社と北越コーポレーション株式会社の戦略的業務提携の深化に関するお知らせ"")",,,,,,,,,,,1,,,,,,,,,,,,,https://www.release.tdnet.info/inbs/140120260318584222.pdf
20260318,4392,FIG,その他,"=HYPERLINK(""https://www.release.tdnet.info/inbs/140120260318584410.pdf"", ""上場維持基準の適合に向けた計画に基づく進捗状況(改善期間入り)及び計画書の更新(変更)について"")","=HYPERLINK(""pdf_tmp/20260318/4392_1530_FIG_上場維持基準の適合に向けた計画に基づく進捗状況(改善期間入り)及び計画書の更新(変更)について.pdf"", ""上場維持基準の適合に向けた計画に基づく進捗状況(改善期間入り)及び計画書の更新(変更)について"")",,,,,,,,,,2,,,,,,,,,,,,,,https://www.release.tdnet.info/inbs/140120260318584410.pdf
20260318,6335,東京機,予想の修正,"=HYPERLINK(""https://www.release.tdnet.info/inbs/140120260122537112.pdf"", ""業績予想の修正に関するお知らせ"")","=HYPERLINK(""pdf_tmp/20260318/6335_1530_東京機_業績予想の修正に関するお知らせ.pdf"", ""業績予想の修正に関するお知らせ"")",,,,,,,1,,,,,,,,,,,,,,,,,https://www.release.tdnet.info/inbs/140120260122537112.pdf
20260318,6625,JALCO HD,その他,"=HYPERLINK(""https://www.release.tdnet.info/inbs/140120260318584247.pdf"", ""(開示事項の経過)連結子会社における販売用不動産の引渡し・決済完了に関するお知らせ"")","=HYPERLINK(""pdf_tmp/20260318/6625_1230_JALCO HD_(開示事項の経過)連結子会社における販売用不動産の引渡し・決済完了に関するお知らせ.pdf"", ""(開示事項の経過)連結子会社における販売用不動産の引渡し・決済完了に関するお知らせ"")",,,,,,,1,,,,,,,,,,,,,,,,,https://www.release.tdnet.info/inbs/140120260318584247.pdf
20260318,7615,京都きもの友禅HD,その他,"=HYPERLINK(""https://www.release.tdnet.info/inbs/140120260318584634.pdf"", ""第5回新株予約権(行使価額修正条項付)及び第6回新株予約権の行使停止並びに第6回新株予約権の取得及び消却に関するお知らせ"")","=HYPERLINK(""pdf_tmp/20260318/7615_1530_京都きもの友禅HD_第5回新株予約権(行使価額修正条項付)及び第6回新株予約権の行使停止並びに第6回新株予約権の取得及び消却に関するお知らせ.pdf"", ""第5回新株予約権(行使価額修正条項付)及び第6回新株予約権の行使停止並びに第6回新株予約権の取得及び消却に関するお知らせ"")",,,,,,,,,,,,2,,,,,,,,,,,,https://www.release.tdnet.info/inbs/140120260318584634.pdf
20260318,7685,G-BUYSELL,月次,"=HYPERLINK(""https://www.release.tdnet.info/inbs/140120260318584148.pdf"", ""2026年2月月次に関するお知らせ"")","=HYPERLINK(""pdf_tmp/20260318/7685_1530_G-BUYSELL_2026年2月月次に関するお知らせ.pdf"", ""2026年2月月次に関するお知らせ"")",,,,,,,,,,,2 3,,,,,,,,,,,,,https://www.release.tdnet.info/inbs/140120260318584148.pdf
